record_id,peptide_sequence,peptide_length,molecular_weight_da,peptide_name,organism_source,synthesis_type,peptide_modifications,pathogen_name,pathogen_strain,gram_stain,measurement_type,measurement_value,normalized_value_ug_ml,assay_method,medium,medium_composition,inoculum_cfu_ml,temperature_c,incubation_time_h,source_id,source_type,publication_year,source_url,doi,extraction_method,extraction_confidence,notes
rec_rp556_atcc_25922_ramata2023_001,RWCFKVCYKGICYKKCK,17,,RP556,synthetic,synthetic,,Escherichia coli,ATCC 25922,Gram-negative,MIC,4.0,4.0,broth microdilution,MHB,,5e5,32,16,paper_ramata_stunda_2023,scientific_paper,2023,https://doi.org/10.3390/antibiotics12030551,10.3390/antibiotics12030551,pdf_text,high,Ramata-Stunda et al. 2023 (Antibiotics) Table 2; unit=ug/mL
rec_rp556_atcc_27853_ramata2023_002,RWCFKVCYKGICYKKCK,17,,RP556,synthetic,synthetic,,Pseudomonas aeruginosa,ATCC 27853,Gram-negative,MIC,2.0,2.0,broth microdilution,MHB,,5e5,32,16,paper_ramata_stunda_2023,scientific_paper,2023,https://doi.org/10.3390/antibiotics12030551,10.3390/antibiotics12030551,pdf_text,high,Ramata-Stunda et al. 2023 (Antibiotics) Table 2; unit=ug/mL
rec_rp556_atcc_70060_ramata2023_003,RWCFKVCYKGICYKKCK,17,,RP556,synthetic,synthetic,,Klebsiella pneumoniae,ATCC 700603,Gram-negative,MIC,4.0,4.0,broth microdilution,MHB,,5e5,32,16,paper_ramata_stunda_2023,scientific_paper,2023,https://doi.org/10.3390/antibiotics12030551,10.3390/antibiotics12030551,pdf_text,high,Ramata-Stunda et al. 2023 (Antibiotics) Table 2; unit=ug/mL
rec_rp556_atcc_19434_ramata2023_004,RWCFKVCYKGICYKKCK,17,,RP556,synthetic,synthetic,,Enterococcus faecium,ATCC 19434,Gram-positive,MIC,2.0,2.0,broth microdilution,MHB,,5e5,32,16,paper_ramata_stunda_2023,scientific_paper,2023,https://doi.org/10.3390/antibiotics12030551,10.3390/antibiotics12030551,pdf_text,high,Ramata-Stunda et al. 2023 (Antibiotics) Table 2; unit=ug/mL
rec_rp556_atcc_25923_ramata2023_005,RWCFKVCYKGICYKKCK,17,,RP556,synthetic,synthetic,,Staphylococcus aureus,ATCC 25923,Gram-positive,MIC,1.0,1.0,broth microdilution,MHB,,5e5,32,16,paper_ramata_stunda_2023,scientific_paper,2023,https://doi.org/10.3390/antibiotics12030551,10.3390/antibiotics12030551,pdf_text,high,Ramata-Stunda et al. 2023 (Antibiotics) Table 2; unit=ug/mL
rec_rp556_atcc_6919_ramata2023_006,RWCFKVCYKGICYKKCK,17,,RP556,synthetic,synthetic,,Cutibacterium acnes,ATCC 6919,Gram-positive,MIC,2.0,2.0,broth microdilution,MHB,,5e5,32,16,paper_ramata_stunda_2023,scientific_paper,2023,https://doi.org/10.3390/antibiotics12030551,10.3390/antibiotics12030551,pdf_text,high,Ramata-Stunda et al. 2023 (Antibiotics) Table 2; unit=ug/mL
rec_lz1_atcc_25922_ramata2023_007,VKRWKKWWRKWKKWV,15,,LZ1,synthetic,synthetic,,Escherichia coli,ATCC 25922,Gram-negative,MIC,31.0,31.0,broth microdilution,MHB,,5e5,32,16,paper_ramata_stunda_2023,scientific_paper,2023,https://doi.org/10.3390/antibiotics12030551,10.3390/antibiotics12030551,pdf_text,high,Ramata-Stunda et al. 2023 (Antibiotics) Table 2; unit=ug/mL
rec_lz1_atcc_27853_ramata2023_008,VKRWKKWWRKWKKWV,15,,LZ1,synthetic,synthetic,,Pseudomonas aeruginosa,ATCC 27853,Gram-negative,MIC,8.0,8.0,broth microdilution,MHB,,5e5,32,16,paper_ramata_stunda_2023,scientific_paper,2023,https://doi.org/10.3390/antibiotics12030551,10.3390/antibiotics12030551,pdf_text,high,Ramata-Stunda et al. 2023 (Antibiotics) Table 2; unit=ug/mL
rec_lz1_atcc_70060_ramata2023_009,VKRWKKWWRKWKKWV,15,,LZ1,synthetic,synthetic,,Klebsiella pneumoniae,ATCC 700603,Gram-negative,MIC,16.0,16.0,broth microdilution,MHB,,5e5,32,16,paper_ramata_stunda_2023,scientific_paper,2023,https://doi.org/10.3390/antibiotics12030551,10.3390/antibiotics12030551,pdf_text,high,Ramata-Stunda et al. 2023 (Antibiotics) Table 2; unit=ug/mL
rec_lz1_atcc_19434_ramata2023_010,VKRWKKWWRKWKKWV,15,,LZ1,synthetic,synthetic,,Enterococcus faecium,ATCC 19434,Gram-positive,MIC,4.0,4.0,broth microdilution,MHB,,5e5,32,16,paper_ramata_stunda_2023,scientific_paper,2023,https://doi.org/10.3390/antibiotics12030551,10.3390/antibiotics12030551,pdf_text,high,Ramata-Stunda et al. 2023 (Antibiotics) Table 2; unit=ug/mL
rec_lz1_atcc_25923_ramata2023_011,VKRWKKWWRKWKKWV,15,,LZ1,synthetic,synthetic,,Staphylococcus aureus,ATCC 25923,Gram-positive,MIC,2.0,2.0,broth microdilution,MHB,,5e5,32,16,paper_ramata_stunda_2023,scientific_paper,2023,https://doi.org/10.3390/antibiotics12030551,10.3390/antibiotics12030551,pdf_text,high,Ramata-Stunda et al. 2023 (Antibiotics) Table 2; unit=ug/mL
rec_lz1_atcc_6919_ramata2023_012,VKRWKKWWRKWKKWV,15,,LZ1,synthetic,synthetic,,Cutibacterium acnes,ATCC 6919,Gram-positive,MIC,8.0,8.0,broth microdilution,MHB,,5e5,32,16,paper_ramata_stunda_2023,scientific_paper,2023,https://doi.org/10.3390/antibiotics12030551,10.3390/antibiotics12030551,pdf_text,high,Ramata-Stunda et al. 2023 (Antibiotics) Table 2; unit=ug/mL
rec_aa139_atcc_25922_ramata2023_013,GFCWYVCARRNGARVCYRRCN,21,,AA139,synthetic,synthetic,,Escherichia coli,ATCC 25922,Gram-negative,MIC,4.0,4.0,broth microdilution,MHB,,5e5,32,16,paper_ramata_stunda_2023,scientific_paper,2023,https://doi.org/10.3390/antibiotics12030551,10.3390/antibiotics12030551,pdf_text,high,Ramata-Stunda et al. 2023 (Antibiotics) Table 2; unit=ug/mL
rec_aa139_atcc_27853_ramata2023_014,GFCWYVCARRNGARVCYRRCN,21,,AA139,synthetic,synthetic,,Pseudomonas aeruginosa,ATCC 27853,Gram-negative,MIC,16.0,16.0,broth microdilution,MHB,,5e5,32,16,paper_ramata_stunda_2023,scientific_paper,2023,https://doi.org/10.3390/antibiotics12030551,10.3390/antibiotics12030551,pdf_text,high,Ramata-Stunda et al. 2023 (Antibiotics) Table 2; unit=ug/mL
rec_aa139_atcc_70060_ramata2023_015,GFCWYVCARRNGARVCYRRCN,21,,AA139,synthetic,synthetic,,Klebsiella pneumoniae,ATCC 700603,Gram-negative,MIC,8.0,8.0,broth microdilution,MHB,,5e5,32,16,paper_ramata_stunda_2023,scientific_paper,2023,https://doi.org/10.3390/antibiotics12030551,10.3390/antibiotics12030551,pdf_text,high,Ramata-Stunda et al. 2023 (Antibiotics) Table 2; unit=ug/mL
rec_aa139_atcc_19434_ramata2023_016,GFCWYVCARRNGARVCYRRCN,21,,AA139,synthetic,synthetic,,Enterococcus faecium,ATCC 19434,Gram-positive,MIC,16.0,16.0,broth microdilution,MHB,,5e5,32,16,paper_ramata_stunda_2023,scientific_paper,2023,https://doi.org/10.3390/antibiotics12030551,10.3390/antibiotics12030551,pdf_text,high,Ramata-Stunda et al. 2023 (Antibiotics) Table 2; unit=ug/mL
rec_aa139_atcc_25923_ramata2023_017,GFCWYVCARRNGARVCYRRCN,21,,AA139,synthetic,synthetic,,Staphylococcus aureus,ATCC 25923,Gram-positive,MIC,8.0,8.0,broth microdilution,MHB,,5e5,32,16,paper_ramata_stunda_2023,scientific_paper,2023,https://doi.org/10.3390/antibiotics12030551,10.3390/antibiotics12030551,pdf_text,high,Ramata-Stunda et al. 2023 (Antibiotics) Table 2; unit=ug/mL
rec_aa139_atcc_6919_ramata2023_018,GFCWYVCARRNGARVCYRRCN,21,,AA139,synthetic,synthetic,,Cutibacterium acnes,ATCC 6919,Gram-positive,MIC,63.0,63.0,broth microdilution,MHB,,5e5,32,16,paper_ramata_stunda_2023,scientific_paper,2023,https://doi.org/10.3390/antibiotics12030551,10.3390/antibiotics12030551,pdf_text,high,Ramata-Stunda et al. 2023 (Antibiotics) Table 2; unit=ug/mL
rec_pa13_atcc_25922_ramata2023_019,KIAKRIWKRIWKILRRR,17,,PA13,synthetic,synthetic,,Escherichia coli,ATCC 25922,Gram-negative,MIC,31.0,31.0,broth microdilution,MHB,,5e5,32,16,paper_ramata_stunda_2023,scientific_paper,2023,https://doi.org/10.3390/antibiotics12030551,10.3390/antibiotics12030551,pdf_text,high,Ramata-Stunda et al. 2023 (Antibiotics) Table 2; unit=ug/mL
rec_pa13_atcc_27853_ramata2023_020,KIAKRIWKRIWKILRRR,17,,PA13,synthetic,synthetic,,Pseudomonas aeruginosa,ATCC 27853,Gram-negative,MIC,16.0,16.0,broth microdilution,MHB,,5e5,32,16,paper_ramata_stunda_2023,scientific_paper,2023,https://doi.org/10.3390/antibiotics12030551,10.3390/antibiotics12030551,pdf_text,high,Ramata-Stunda et al. 2023 (Antibiotics) Table 2; unit=ug/mL
rec_pa13_atcc_70060_ramata2023_021,KIAKRIWKRIWKILRRR,17,,PA13,synthetic,synthetic,,Klebsiella pneumoniae,ATCC 700603,Gram-negative,MIC,16.0,16.0,broth microdilution,MHB,,5e5,32,16,paper_ramata_stunda_2023,scientific_paper,2023,https://doi.org/10.3390/antibiotics12030551,10.3390/antibiotics12030551,pdf_text,high,Ramata-Stunda et al. 2023 (Antibiotics) Table 2; unit=ug/mL
rec_pa13_atcc_19434_ramata2023_022,KIAKRIWKRIWKILRRR,17,,PA13,synthetic,synthetic,,Enterococcus faecium,ATCC 19434,Gram-positive,MIC,4.0,4.0,broth microdilution,MHB,,5e5,32,16,paper_ramata_stunda_2023,scientific_paper,2023,https://doi.org/10.3390/antibiotics12030551,10.3390/antibiotics12030551,pdf_text,high,Ramata-Stunda et al. 2023 (Antibiotics) Table 2; unit=ug/mL
rec_pa13_atcc_25923_ramata2023_023,KIAKRIWKRIWKILRRR,17,,PA13,synthetic,synthetic,,Staphylococcus aureus,ATCC 25923,Gram-positive,MIC,2.0,2.0,broth microdilution,MHB,,5e5,32,16,paper_ramata_stunda_2023,scientific_paper,2023,https://doi.org/10.3390/antibiotics12030551,10.3390/antibiotics12030551,pdf_text,high,Ramata-Stunda et al. 2023 (Antibiotics) Table 2; unit=ug/mL
rec_pa13_atcc_6919_ramata2023_024,KIAKRIWKRIWKILRRR,17,,PA13,synthetic,synthetic,,Cutibacterium acnes,ATCC 6919,Gram-positive,MIC,16.0,16.0,broth microdilution,MHB,,5e5,32,16,paper_ramata_stunda_2023,scientific_paper,2023,https://doi.org/10.3390/antibiotics12030551,10.3390/antibiotics12030551,pdf_text,high,Ramata-Stunda et al. 2023 (Antibiotics) Table 2; unit=ug/mL
rec_oligo10_atcc_25922_ramata2023_025,FAKALKALLKALKAL,15,,Oligo10,synthetic,synthetic,,Escherichia coli,ATCC 25922,Gram-negative,MIC,16.0,16.0,broth microdilution,MHB,,5e5,32,16,paper_ramata_stunda_2023,scientific_paper,2023,https://doi.org/10.3390/antibiotics12030551,10.3390/antibiotics12030551,pdf_text,high,Ramata-Stunda et al. 2023 (Antibiotics) Table 2; unit=ug/mL
rec_oligo10_atcc_27853_ramata2023_026,FAKALKALLKALKAL,15,,Oligo10,synthetic,synthetic,,Pseudomonas aeruginosa,ATCC 27853,Gram-negative,MIC,63.0,63.0,broth microdilution,MHB,,5e5,32,16,paper_ramata_stunda_2023,scientific_paper,2023,https://doi.org/10.3390/antibiotics12030551,10.3390/antibiotics12030551,pdf_text,high,Ramata-Stunda et al. 2023 (Antibiotics) Table 2; unit=ug/mL
rec_oligo10_atcc_70060_ramata2023_027,FAKALKALLKALKAL,15,,Oligo10,synthetic,synthetic,,Klebsiella pneumoniae,ATCC 700603,Gram-negative,MIC,63.0,63.0,broth microdilution,MHB,,5e5,32,16,paper_ramata_stunda_2023,scientific_paper,2023,https://doi.org/10.3390/antibiotics12030551,10.3390/antibiotics12030551,pdf_text,high,Ramata-Stunda et al. 2023 (Antibiotics) Table 2; unit=ug/mL
rec_oligo10_atcc_19434_ramata2023_028,FAKALKALLKALKAL,15,,Oligo10,synthetic,synthetic,,Enterococcus faecium,ATCC 19434,Gram-positive,MIC,16.0,16.0,broth microdilution,MHB,,5e5,32,16,paper_ramata_stunda_2023,scientific_paper,2023,https://doi.org/10.3390/antibiotics12030551,10.3390/antibiotics12030551,pdf_text,high,Ramata-Stunda et al. 2023 (Antibiotics) Table 2; unit=ug/mL
rec_oligo10_atcc_25923_ramata2023_029,FAKALKALLKALKAL,15,,Oligo10,synthetic,synthetic,,Staphylococcus aureus,ATCC 25923,Gram-positive,MIC,4.0,4.0,broth microdilution,MHB,,5e5,32,16,paper_ramata_stunda_2023,scientific_paper,2023,https://doi.org/10.3390/antibiotics12030551,10.3390/antibiotics12030551,pdf_text,high,Ramata-Stunda et al. 2023 (Antibiotics) Table 2; unit=ug/mL
rec_oligo10_atcc_6919_ramata2023_030,FAKALKALLKALKAL,15,,Oligo10,synthetic,synthetic,,Cutibacterium acnes,ATCC 6919,Gram-positive,MIC,2.0,2.0,broth microdilution,MHB,,5e5,32,16,paper_ramata_stunda_2023,scientific_paper,2023,https://doi.org/10.3390/antibiotics12030551,10.3390/antibiotics12030551,pdf_text,high,Ramata-Stunda et al. 2023 (Antibiotics) Table 2; unit=ug/mL
rec_r1_atcc_25922_ramata2023_031,FIKKFAKKFKKFIKKFAKFAFAF,23,,R1,synthetic,synthetic,,Escherichia coli,ATCC 25922,Gram-negative,MIC,8.0,8.0,broth microdilution,MHB,,5e5,32,16,paper_ramata_stunda_2023,scientific_paper,2023,https://doi.org/10.3390/antibiotics12030551,10.3390/antibiotics12030551,pdf_text,high,Ramata-Stunda et al. 2023 (Antibiotics) Table 2; unit=ug/mL
rec_r1_atcc_27853_ramata2023_032,FIKKFAKKFKKFIKKFAKFAFAF,23,,R1,synthetic,synthetic,,Pseudomonas aeruginosa,ATCC 27853,Gram-negative,MIC,8.0,8.0,broth microdilution,MHB,,5e5,32,16,paper_ramata_stunda_2023,scientific_paper,2023,https://doi.org/10.3390/antibiotics12030551,10.3390/antibiotics12030551,pdf_text,high,Ramata-Stunda et al. 2023 (Antibiotics) Table 2; unit=ug/mL
rec_r1_atcc_70060_ramata2023_033,FIKKFAKKFKKFIKKFAKFAFAF,23,,R1,synthetic,synthetic,,Klebsiella pneumoniae,ATCC 700603,Gram-negative,MIC,4.0,4.0,broth microdilution,MHB,,5e5,32,16,paper_ramata_stunda_2023,scientific_paper,2023,https://doi.org/10.3390/antibiotics12030551,10.3390/antibiotics12030551,pdf_text,high,Ramata-Stunda et al. 2023 (Antibiotics) Table 2; unit=ug/mL
rec_r1_atcc_19434_ramata2023_034,FIKKFAKKFKKFIKKFAKFAFAF,23,,R1,synthetic,synthetic,,Enterococcus faecium,ATCC 19434,Gram-positive,MIC,16.0,16.0,broth microdilution,MHB,,5e5,32,16,paper_ramata_stunda_2023,scientific_paper,2023,https://doi.org/10.3390/antibiotics12030551,10.3390/antibiotics12030551,pdf_text,high,Ramata-Stunda et al. 2023 (Antibiotics) Table 2; unit=ug/mL
rec_r1_atcc_25923_ramata2023_035,FIKKFAKKFKKFIKKFAKFAFAF,23,,R1,synthetic,synthetic,,Staphylococcus aureus,ATCC 25923,Gram-positive,MIC,8.0,8.0,broth microdilution,MHB,,5e5,32,16,paper_ramata_stunda_2023,scientific_paper,2023,https://doi.org/10.3390/antibiotics12030551,10.3390/antibiotics12030551,pdf_text,high,Ramata-Stunda et al. 2023 (Antibiotics) Table 2; unit=ug/mL
rec_r1_atcc_6919_ramata2023_036,FIKKFAKKFKKFIKKFAKFAFAF,23,,R1,synthetic,synthetic,,Cutibacterium acnes,ATCC 6919,Gram-positive,MIC,2.0,2.0,broth microdilution,MHB,,5e5,32,16,paper_ramata_stunda_2023,scientific_paper,2023,https://doi.org/10.3390/antibiotics12030551,10.3390/antibiotics12030551,pdf_text,high,Ramata-Stunda et al. 2023 (Antibiotics) Table 2; unit=ug/mL
rec_r10_atcc_25922_ramata2023_037,KKIAKKFWKKFWKFWKIFKK,20,,R10,synthetic,synthetic,,Escherichia coli,ATCC 25922,Gram-negative,MIC,2.0,2.0,broth microdilution,MHB,,5e5,32,16,paper_ramata_stunda_2023,scientific_paper,2023,https://doi.org/10.3390/antibiotics12030551,10.3390/antibiotics12030551,pdf_text,high,Ramata-Stunda et al. 2023 (Antibiotics) Table 2; unit=ug/mL
rec_r10_atcc_27853_ramata2023_038,KKIAKKFWKKFWKFWKIFKK,20,,R10,synthetic,synthetic,,Pseudomonas aeruginosa,ATCC 27853,Gram-negative,MIC,2.0,2.0,broth microdilution,MHB,,5e5,32,16,paper_ramata_stunda_2023,scientific_paper,2023,https://doi.org/10.3390/antibiotics12030551,10.3390/antibiotics12030551,pdf_text,high,Ramata-Stunda et al. 2023 (Antibiotics) Table 2; unit=ug/mL
rec_r10_atcc_70060_ramata2023_039,KKIAKKFWKKFWKFWKIFKK,20,,R10,synthetic,synthetic,,Klebsiella pneumoniae,ATCC 700603,Gram-negative,MIC,8.0,8.0,broth microdilution,MHB,,5e5,32,16,paper_ramata_stunda_2023,scientific_paper,2023,https://doi.org/10.3390/antibiotics12030551,10.3390/antibiotics12030551,pdf_text,high,Ramata-Stunda et al. 2023 (Antibiotics) Table 2; unit=ug/mL
rec_r10_atcc_19434_ramata2023_040,KKIAKKFWKKFWKFWKIFKK,20,,R10,synthetic,synthetic,,Enterococcus faecium,ATCC 19434,Gram-positive,MIC,4.0,4.0,broth microdilution,MHB,,5e5,32,16,paper_ramata_stunda_2023,scientific_paper,2023,https://doi.org/10.3390/antibiotics12030551,10.3390/antibiotics12030551,pdf_text,high,Ramata-Stunda et al. 2023 (Antibiotics) Table 2; unit=ug/mL
rec_r10_atcc_25923_ramata2023_041,KKIAKKFWKKFWKFWKIFKK,20,,R10,synthetic,synthetic,,Staphylococcus aureus,ATCC 25923,Gram-positive,MIC,4.0,4.0,broth microdilution,MHB,,5e5,32,16,paper_ramata_stunda_2023,scientific_paper,2023,https://doi.org/10.3390/antibiotics12030551,10.3390/antibiotics12030551,pdf_text,high,Ramata-Stunda et al. 2023 (Antibiotics) Table 2; unit=ug/mL
rec_r10_atcc_6919_ramata2023_042,KKIAKKFWKKFWKFWKIFKK,20,,R10,synthetic,synthetic,,Cutibacterium acnes,ATCC 6919,Gram-positive,MIC,0.5,0.5,broth microdilution,MHB,,5e5,32,16,paper_ramata_stunda_2023,scientific_paper,2023,https://doi.org/10.3390/antibiotics12030551,10.3390/antibiotics12030551,pdf_text,high,Ramata-Stunda et al. 2023 (Antibiotics) Table 2; unit=ug/mL
rec_r11_atcc_25922_ramata2023_043,KFCLKFCFKGFCFKACGK,18,,R11,synthetic,synthetic,,Escherichia coli,ATCC 25922,Gram-negative,MIC,125.0,125.0,broth microdilution,MHB,,5e5,32,16,paper_ramata_stunda_2023,scientific_paper,2023,https://doi.org/10.3390/antibiotics12030551,10.3390/antibiotics12030551,pdf_text,high,Ramata-Stunda et al. 2023 (Antibiotics) Table 2; unit=ug/mL
rec_r11_atcc_27853_ramata2023_044,KFCLKFCFKGFCFKACGK,18,,R11,synthetic,synthetic,,Pseudomonas aeruginosa,ATCC 27853,Gram-negative,MIC,63.0,63.0,broth microdilution,MHB,,5e5,32,16,paper_ramata_stunda_2023,scientific_paper,2023,https://doi.org/10.3390/antibiotics12030551,10.3390/antibiotics12030551,pdf_text,high,Ramata-Stunda et al. 2023 (Antibiotics) Table 2; unit=ug/mL
rec_r11_atcc_70060_ramata2023_045,KFCLKFCFKGFCFKACGK,18,,R11,synthetic,synthetic,,Klebsiella pneumoniae,ATCC 700603,Gram-negative,MIC,63.0,63.0,broth microdilution,MHB,,5e5,32,16,paper_ramata_stunda_2023,scientific_paper,2023,https://doi.org/10.3390/antibiotics12030551,10.3390/antibiotics12030551,pdf_text,high,Ramata-Stunda et al. 2023 (Antibiotics) Table 2; unit=ug/mL
rec_r11_atcc_19434_ramata2023_046,KFCLKFCFKGFCFKACGK,18,,R11,synthetic,synthetic,,Enterococcus faecium,ATCC 19434,Gram-positive,MIC,16.0,16.0,broth microdilution,MHB,,5e5,32,16,paper_ramata_stunda_2023,scientific_paper,2023,https://doi.org/10.3390/antibiotics12030551,10.3390/antibiotics12030551,pdf_text,high,Ramata-Stunda et al. 2023 (Antibiotics) Table 2; unit=ug/mL
rec_r11_atcc_25923_ramata2023_047,KFCLKFCFKGFCFKACGK,18,,R11,synthetic,synthetic,,Staphylococcus aureus,ATCC 25923,Gram-positive,MIC,16.0,16.0,broth microdilution,MHB,,5e5,32,16,paper_ramata_stunda_2023,scientific_paper,2023,https://doi.org/10.3390/antibiotics12030551,10.3390/antibiotics12030551,pdf_text,high,Ramata-Stunda et al. 2023 (Antibiotics) Table 2; unit=ug/mL
rec_r11_atcc_6919_ramata2023_048,KFCLKFCFKGFCFKACGK,18,,R11,synthetic,synthetic,,Cutibacterium acnes,ATCC 6919,Gram-positive,MIC,0.3,0.3,broth microdilution,MHB,,5e5,32,16,paper_ramata_stunda_2023,scientific_paper,2023,https://doi.org/10.3390/antibiotics12030551,10.3390/antibiotics12030551,pdf_text,high,Ramata-Stunda et al. 2023 (Antibiotics) Table 2; unit=ug/mL
rec_r12_atcc_25922_ramata2023_049,IAKKFWKKFWKFWKIFKKIA,20,,R12,synthetic,synthetic,,Escherichia coli,ATCC 25922,Gram-negative,MIC,8.0,8.0,broth microdilution,MHB,,5e5,32,16,paper_ramata_stunda_2023,scientific_paper,2023,https://doi.org/10.3390/antibiotics12030551,10.3390/antibiotics12030551,pdf_text,high,Ramata-Stunda et al. 2023 (Antibiotics) Table 2; unit=ug/mL
rec_r12_atcc_27853_ramata2023_050,IAKKFWKKFWKFWKIFKKIA,20,,R12,synthetic,synthetic,,Pseudomonas aeruginosa,ATCC 27853,Gram-negative,MIC,4.0,4.0,broth microdilution,MHB,,5e5,32,16,paper_ramata_stunda_2023,scientific_paper,2023,https://doi.org/10.3390/antibiotics12030551,10.3390/antibiotics12030551,pdf_text,high,Ramata-Stunda et al. 2023 (Antibiotics) Table 2; unit=ug/mL
rec_r12_atcc_70060_ramata2023_051,IAKKFWKKFWKFWKIFKKIA,20,,R12,synthetic,synthetic,,Klebsiella pneumoniae,ATCC 700603,Gram-negative,MIC,31.0,31.0,broth microdilution,MHB,,5e5,32,16,paper_ramata_stunda_2023,scientific_paper,2023,https://doi.org/10.3390/antibiotics12030551,10.3390/antibiotics12030551,pdf_text,high,Ramata-Stunda et al. 2023 (Antibiotics) Table 2; unit=ug/mL
rec_r12_atcc_19434_ramata2023_052,IAKKFWKKFWKFWKIFKKIA,20,,R12,synthetic,synthetic,,Enterococcus faecium,ATCC 19434,Gram-positive,MIC,16.0,16.0,broth microdilution,MHB,,5e5,32,16,paper_ramata_stunda_2023,scientific_paper,2023,https://doi.org/10.3390/antibiotics12030551,10.3390/antibiotics12030551,pdf_text,high,Ramata-Stunda et al. 2023 (Antibiotics) Table 2; unit=ug/mL
rec_r12_atcc_25923_ramata2023_053,IAKKFWKKFWKFWKIFKKIA,20,,R12,synthetic,synthetic,,Staphylococcus aureus,ATCC 25923,Gram-positive,MIC,8.0,8.0,broth microdilution,MHB,,5e5,32,16,paper_ramata_stunda_2023,scientific_paper,2023,https://doi.org/10.3390/antibiotics12030551,10.3390/antibiotics12030551,pdf_text,high,Ramata-Stunda et al. 2023 (Antibiotics) Table 2; unit=ug/mL
rec_r12_atcc_6919_ramata2023_054,IAKKFWKKFWKFWKIFKKIA,20,,R12,synthetic,synthetic,,Cutibacterium acnes,ATCC 6919,Gram-positive,MIC,0.5,0.5,broth microdilution,MHB,,5e5,32,16,paper_ramata_stunda_2023,scientific_paper,2023,https://doi.org/10.3390/antibiotics12030551,10.3390/antibiotics12030551,pdf_text,high,Ramata-Stunda et al. 2023 (Antibiotics) Table 2; unit=ug/mL
rec_r13_atcc_25922_ramata2023_055,IAKKFWPKFWKFWKIFKKIA,20,,R13,synthetic,synthetic,,Escherichia coli,ATCC 25922,Gram-negative,MIC,4.0,4.0,broth microdilution,MHB,,5e5,32,16,paper_ramata_stunda_2023,scientific_paper,2023,https://doi.org/10.3390/antibiotics12030551,10.3390/antibiotics12030551,pdf_text,high,Ramata-Stunda et al. 2023 (Antibiotics) Table 2; unit=ug/mL
rec_r13_atcc_27853_ramata2023_056,IAKKFWPKFWKFWKIFKKIA,20,,R13,synthetic,synthetic,,Pseudomonas aeruginosa,ATCC 27853,Gram-negative,MIC,4.0,4.0,broth microdilution,MHB,,5e5,32,16,paper_ramata_stunda_2023,scientific_paper,2023,https://doi.org/10.3390/antibiotics12030551,10.3390/antibiotics12030551,pdf_text,high,Ramata-Stunda et al. 2023 (Antibiotics) Table 2; unit=ug/mL
rec_r13_atcc_70060_ramata2023_057,IAKKFWPKFWKFWKIFKKIA,20,,R13,synthetic,synthetic,,Klebsiella pneumoniae,ATCC 700603,Gram-negative,MIC,8.0,8.0,broth microdilution,MHB,,5e5,32,16,paper_ramata_stunda_2023,scientific_paper,2023,https://doi.org/10.3390/antibiotics12030551,10.3390/antibiotics12030551,pdf_text,high,Ramata-Stunda et al. 2023 (Antibiotics) Table 2; unit=ug/mL
rec_r13_atcc_19434_ramata2023_058,IAKKFWPKFWKFWKIFKKIA,20,,R13,synthetic,synthetic,,Enterococcus faecium,ATCC 19434,Gram-positive,MIC,16.0,16.0,broth microdilution,MHB,,5e5,32,16,paper_ramata_stunda_2023,scientific_paper,2023,https://doi.org/10.3390/antibiotics12030551,10.3390/antibiotics12030551,pdf_text,high,Ramata-Stunda et al. 2023 (Antibiotics) Table 2; unit=ug/mL
rec_r13_atcc_25923_ramata2023_059,IAKKFWPKFWKFWKIFKKIA,20,,R13,synthetic,synthetic,,Staphylococcus aureus,ATCC 25923,Gram-positive,MIC,4.0,4.0,broth microdilution,MHB,,5e5,32,16,paper_ramata_stunda_2023,scientific_paper,2023,https://doi.org/10.3390/antibiotics12030551,10.3390/antibiotics12030551,pdf_text,high,Ramata-Stunda et al. 2023 (Antibiotics) Table 2; unit=ug/mL
rec_r13_atcc_6919_ramata2023_060,IAKKFWPKFWKFWKIFKKIA,20,,R13,synthetic,synthetic,,Cutibacterium acnes,ATCC 6919,Gram-positive,MIC,0.3,0.3,broth microdilution,MHB,,5e5,32,16,paper_ramata_stunda_2023,scientific_paper,2023,https://doi.org/10.3390/antibiotics12030551,10.3390/antibiotics12030551,pdf_text,high,Ramata-Stunda et al. 2023 (Antibiotics) Table 2; unit=ug/mL
rec_r14_atcc_25922_ramata2023_061,KKIAKKFWKKFWKFWPKFWKIFKK,24,,R14,synthetic,synthetic,,Escherichia coli,ATCC 25922,Gram-negative,MIC,16.0,16.0,broth microdilution,MHB,,5e5,32,16,paper_ramata_stunda_2023,scientific_paper,2023,https://doi.org/10.3390/antibiotics12030551,10.3390/antibiotics12030551,pdf_text,high,Ramata-Stunda et al. 2023 (Antibiotics) Table 2; unit=ug/mL
rec_r14_atcc_27853_ramata2023_062,KKIAKKFWKKFWKFWPKFWKIFKK,24,,R14,synthetic,synthetic,,Pseudomonas aeruginosa,ATCC 27853,Gram-negative,MIC,4.0,4.0,broth microdilution,MHB,,5e5,32,16,paper_ramata_stunda_2023,scientific_paper,2023,https://doi.org/10.3390/antibiotics12030551,10.3390/antibiotics12030551,pdf_text,high,Ramata-Stunda et al. 2023 (Antibiotics) Table 2; unit=ug/mL
rec_r14_atcc_70060_ramata2023_063,KKIAKKFWKKFWKFWPKFWKIFKK,24,,R14,synthetic,synthetic,,Klebsiella pneumoniae,ATCC 700603,Gram-negative,MIC,4.0,4.0,broth microdilution,MHB,,5e5,32,16,paper_ramata_stunda_2023,scientific_paper,2023,https://doi.org/10.3390/antibiotics12030551,10.3390/antibiotics12030551,pdf_text,high,Ramata-Stunda et al. 2023 (Antibiotics) Table 2; unit=ug/mL
rec_r14_atcc_19434_ramata2023_064,KKIAKKFWKKFWKFWPKFWKIFKK,24,,R14,synthetic,synthetic,,Enterococcus faecium,ATCC 19434,Gram-positive,MIC,8.0,8.0,broth microdilution,MHB,,5e5,32,16,paper_ramata_stunda_2023,scientific_paper,2023,https://doi.org/10.3390/antibiotics12030551,10.3390/antibiotics12030551,pdf_text,high,Ramata-Stunda et al. 2023 (Antibiotics) Table 2; unit=ug/mL
rec_r14_atcc_25923_ramata2023_065,KKIAKKFWKKFWKFWPKFWKIFKK,24,,R14,synthetic,synthetic,,Staphylococcus aureus,ATCC 25923,Gram-positive,MIC,8.0,8.0,broth microdilution,MHB,,5e5,32,16,paper_ramata_stunda_2023,scientific_paper,2023,https://doi.org/10.3390/antibiotics12030551,10.3390/antibiotics12030551,pdf_text,high,Ramata-Stunda et al. 2023 (Antibiotics) Table 2; unit=ug/mL
rec_r14_atcc_6919_ramata2023_066,KKIAKKFWKKFWKFWPKFWKIFKK,24,,R14,synthetic,synthetic,,Cutibacterium acnes,ATCC 6919,Gram-positive,MIC,1.0,1.0,broth microdilution,MHB,,5e5,32,16,paper_ramata_stunda_2023,scientific_paper,2023,https://doi.org/10.3390/antibiotics12030551,10.3390/antibiotics12030551,pdf_text,high,Ramata-Stunda et al. 2023 (Antibiotics) Table 2; unit=ug/mL
rec_w1_mrsa_544_zhang2024_001,,,,W1,synthetic,synthetic,C-terminal amide,Staphylococcus aureus,MRSA 544,Gram-positive,MIC,>64,>64,broth microdilution,TSB,,5e5,37,18,paper_zhang_2024,scientific_paper,2024,https://doi.org/10.1128/spectrum.00265-24,10.1128/spectrum.00265-24,pdf_text,high,Zhang 2024 Table 2; unit=uM; unit=um; censored bound
rec_w2_mrsa_544_zhang2024_002,,,,W2,synthetic,synthetic,C-terminal amide,Staphylococcus aureus,MRSA 544,Gram-positive,MIC,>64,>64,broth microdilution,TSB,,5e5,37,18,paper_zhang_2024,scientific_paper,2024,https://doi.org/10.1128/spectrum.00265-24,10.1128/spectrum.00265-24,pdf_text,high,Zhang 2024 Table 2; unit=uM; unit=um; censored bound
rec_w3_mrsa_544_zhang2024_003,,,,W3,synthetic,synthetic,C-terminal amide,Staphylococcus aureus,MRSA 544,Gram-positive,MIC,>64,>64,broth microdilution,TSB,,5e5,37,18,paper_zhang_2024,scientific_paper,2024,https://doi.org/10.1128/spectrum.00265-24,10.1128/spectrum.00265-24,pdf_text,high,Zhang 2024 Table 2; unit=uM; unit=um; censored bound
rec_w4_mrsa_544_zhang2024_004,,,,W4,synthetic,synthetic,C-terminal amide,Staphylococcus aureus,MRSA 544,Gram-positive,MIC,16.0,16.0,broth microdilution,TSB,,5e5,37,18,paper_zhang_2024,scientific_paper,2024,https://doi.org/10.1128/spectrum.00265-24,10.1128/spectrum.00265-24,pdf_text,high,Zhang 2024 Table 2; unit=uM; unit=um
rec_w5_mrsa_544_zhang2024_005,,,,W5,synthetic,synthetic,C-terminal amide,Staphylococcus aureus,MRSA 544,Gram-positive,MIC,8.0,8.0,broth microdilution,TSB,,5e5,37,18,paper_zhang_2024,scientific_paper,2024,https://doi.org/10.1128/spectrum.00265-24,10.1128/spectrum.00265-24,pdf_text,high,Zhang 2024 Table 2; unit=uM; unit=um
rec_w1_mrsa_103_zhang2024_006,,,,W1,synthetic,synthetic,C-terminal amide,Staphylococcus aureus,MRSA 103,Gram-positive,MIC,>64,>64,broth microdilution,TSB,,5e5,37,18,paper_zhang_2024,scientific_paper,2024,https://doi.org/10.1128/spectrum.00265-24,10.1128/spectrum.00265-24,pdf_text,high,Zhang 2024 Table 2; unit=uM; unit=um; censored bound
rec_w2_mrsa_103_zhang2024_007,,,,W2,synthetic,synthetic,C-terminal amide,Staphylococcus aureus,MRSA 103,Gram-positive,MIC,>64,>64,broth microdilution,TSB,,5e5,37,18,paper_zhang_2024,scientific_paper,2024,https://doi.org/10.1128/spectrum.00265-24,10.1128/spectrum.00265-24,pdf_text,high,Zhang 2024 Table 2; unit=uM; unit=um; censored bound
rec_w3_mrsa_103_zhang2024_008,,,,W3,synthetic,synthetic,C-terminal amide,Staphylococcus aureus,MRSA 103,Gram-positive,MIC,>64,>64,broth microdilution,TSB,,5e5,37,18,paper_zhang_2024,scientific_paper,2024,https://doi.org/10.1128/spectrum.00265-24,10.1128/spectrum.00265-24,pdf_text,high,Zhang 2024 Table 2; unit=uM; unit=um; censored bound
rec_w4_mrsa_103_zhang2024_009,,,,W4,synthetic,synthetic,C-terminal amide,Staphylococcus aureus,MRSA 103,Gram-positive,MIC,16.0,16.0,broth microdilution,TSB,,5e5,37,18,paper_zhang_2024,scientific_paper,2024,https://doi.org/10.1128/spectrum.00265-24,10.1128/spectrum.00265-24,pdf_text,high,Zhang 2024 Table 2; unit=uM; unit=um
rec_w5_mrsa_103_zhang2024_010,,,,W5,synthetic,synthetic,C-terminal amide,Staphylococcus aureus,MRSA 103,Gram-positive,MIC,8.0,8.0,broth microdilution,TSB,,5e5,37,18,paper_zhang_2024,scientific_paper,2024,https://doi.org/10.1128/spectrum.00265-24,10.1128/spectrum.00265-24,pdf_text,high,Zhang 2024 Table 2; unit=uM; unit=um
rec_h_cecropia_c_atcc_25922_lee2023_001,KWKLFKKIEKVGQNIRDGIIKAGPAVAVVGQATQIAK,37,4110.0,H. cecropia cecropin A,Hyalophora cecropia,synthetic,C-terminal amide,Escherichia coli,ATCC 25922,Gram-negative,MIC,2.0,8.22,broth microdilution,MHB,,2e5,37,16,paper_lee_2023,scientific_paper,2023,https://doi.org/10.3390/pharmaceutics15061752,10.3390/pharmaceutics15061752,pdf_text,high,Lee et al. 2023 (Pharmaceutics) Table 1; unit=uM; unit=um
rec_t_ni_cecropi_atcc_25922_lee2023_002,RWKFFKKIEKVGQNIRDGIIKAGPAVAVVGQAASITGK,38,4240.0,T. ni cecropin A,Trichoplusia ni,synthetic,C-terminal amide,Escherichia coli,ATCC 25922,Gram-negative,MIC,2.0,8.48,broth microdilution,MHB,,2e5,37,16,paper_lee_2023,scientific_paper,2023,https://doi.org/10.3390/pharmaceutics15061752,10.3390/pharmaceutics15061752,pdf_text,high,Lee et al. 2023 (Pharmaceutics) Table 1; unit=uM; unit=um
rec_h_cecropia_c_atcc_19606_lee2023_003,KWKLFKKIEKVGQNIRDGIIKAGPAVAVVGQATQIAK,37,4110.0,H. cecropia cecropin A,Hyalophora cecropia,synthetic,C-terminal amide,Acinetobacter baumannii,ATCC 19606,Gram-negative,MIC,2.0,8.22,broth microdilution,MHB,,2e5,37,16,paper_lee_2023,scientific_paper,2023,https://doi.org/10.3390/pharmaceutics15061752,10.3390/pharmaceutics15061752,pdf_text,high,Lee et al. 2023 (Pharmaceutics) Table 1; unit=uM; unit=um
rec_t_ni_cecropi_atcc_19606_lee2023_004,RWKFFKKIEKVGQNIRDGIIKAGPAVAVVGQAASITGK,38,4240.0,T. ni cecropin A,Trichoplusia ni,synthetic,C-terminal amide,Acinetobacter baumannii,ATCC 19606,Gram-negative,MIC,1.0,4.24,broth microdilution,MHB,,2e5,37,16,paper_lee_2023,scientific_paper,2023,https://doi.org/10.3390/pharmaceutics15061752,10.3390/pharmaceutics15061752,pdf_text,high,Lee et al. 2023 (Pharmaceutics) Table 1; unit=uM; unit=um
rec_h_cecropia_c_atcc_27853_lee2023_005,KWKLFKKIEKVGQNIRDGIIKAGPAVAVVGQATQIAK,37,4110.0,H. cecropia cecropin A,Hyalophora cecropia,synthetic,C-terminal amide,Pseudomonas aeruginosa,ATCC 27853,Gram-negative,MIC,8.0,32.88,broth microdilution,MHB,,2e5,37,16,paper_lee_2023,scientific_paper,2023,https://doi.org/10.3390/pharmaceutics15061752,10.3390/pharmaceutics15061752,pdf_text,high,Lee et al. 2023 (Pharmaceutics) Table 1; unit=uM; unit=um
rec_t_ni_cecropi_atcc_27853_lee2023_006,RWKFFKKIEKVGQNIRDGIIKAGPAVAVVGQAASITGK,38,4240.0,T. ni cecropin A,Trichoplusia ni,synthetic,C-terminal amide,Pseudomonas aeruginosa,ATCC 27853,Gram-negative,MIC,4.0,16.96,broth microdilution,MHB,,2e5,37,16,paper_lee_2023,scientific_paper,2023,https://doi.org/10.3390/pharmaceutics15061752,10.3390/pharmaceutics15061752,pdf_text,high,Lee et al. 2023 (Pharmaceutics) Table 1; unit=uM; unit=um
rec_h_cecropia_c_atcc_13883_lee2023_007,KWKLFKKIEKVGQNIRDGIIKAGPAVAVVGQATQIAK,37,4110.0,H. cecropia cecropin A,Hyalophora cecropia,synthetic,C-terminal amide,Klebsiella pneumoniae,ATCC 13883,Gram-negative,MIC,1.0,4.11,broth microdilution,MHB,,2e5,37,16,paper_lee_2023,scientific_paper,2023,https://doi.org/10.3390/pharmaceutics15061752,10.3390/pharmaceutics15061752,pdf_text,high,Lee et al. 2023 (Pharmaceutics) Table 1; unit=uM; unit=um
rec_t_ni_cecropi_atcc_13883_lee2023_008,RWKFFKKIEKVGQNIRDGIIKAGPAVAVVGQAASITGK,38,4240.0,T. ni cecropin A,Trichoplusia ni,synthetic,C-terminal amide,Klebsiella pneumoniae,ATCC 13883,Gram-negative,MIC,1.0,4.24,broth microdilution,MHB,,2e5,37,16,paper_lee_2023,scientific_paper,2023,https://doi.org/10.3390/pharmaceutics15061752,10.3390/pharmaceutics15061752,pdf_text,high,Lee et al. 2023 (Pharmaceutics) Table 1; unit=uM; unit=um
rec_h_cecropia_c_colrec_155_lee2023_009,KWKLFKKIEKVGQNIRDGIIKAGPAVAVVGQATQIAK,37,4110.0,H. cecropia cecropin A,Hyalophora cecropia,synthetic,C-terminal amide,Escherichia coli,ColREC 1557,Gram-negative,MIC,1.0,4.11,broth microdilution,MHB,,2e5,37,16,paper_lee_2023,scientific_paper,2023,https://doi.org/10.3390/pharmaceutics15061752,10.3390/pharmaceutics15061752,pdf_text,high,Lee et al. 2023 (Pharmaceutics) Table 1; unit=uM; unit=um
rec_t_ni_cecropi_colrec_155_lee2023_010,RWKFFKKIEKVGQNIRDGIIKAGPAVAVVGQAASITGK,38,4240.0,T. ni cecropin A,Trichoplusia ni,synthetic,C-terminal amide,Escherichia coli,ColREC 1557,Gram-negative,MIC,1.0,4.24,broth microdilution,MHB,,2e5,37,16,paper_lee_2023,scientific_paper,2023,https://doi.org/10.3390/pharmaceutics15061752,10.3390/pharmaceutics15061752,pdf_text,high,Lee et al. 2023 (Pharmaceutics) Table 1; unit=uM; unit=um
rec_h_cecropia_c_colrec_12_lee2023_011,KWKLFKKIEKVGQNIRDGIIKAGPAVAVVGQATQIAK,37,4110.0,H. cecropia cecropin A,Hyalophora cecropia,synthetic,C-terminal amide,Escherichia coli,ColREC 12,Gram-negative,MIC,1.0,4.11,broth microdilution,MHB,,2e5,37,16,paper_lee_2023,scientific_paper,2023,https://doi.org/10.3390/pharmaceutics15061752,10.3390/pharmaceutics15061752,pdf_text,high,Lee et al. 2023 (Pharmaceutics) Table 1; unit=uM; unit=um
rec_t_ni_cecropi_colrec_12_lee2023_012,RWKFFKKIEKVGQNIRDGIIKAGPAVAVVGQAASITGK,38,4240.0,T. ni cecropin A,Trichoplusia ni,synthetic,C-terminal amide,Escherichia coli,ColREC 12,Gram-negative,MIC,1.0,4.24,broth microdilution,MHB,,2e5,37,16,paper_lee_2023,scientific_paper,2023,https://doi.org/10.3390/pharmaceutics15061752,10.3390/pharmaceutics15061752,pdf_text,high,Lee et al. 2023 (Pharmaceutics) Table 1; unit=uM; unit=um
rec_h_cecropia_c_colrab_191_lee2023_013,KWKLFKKIEKVGQNIRDGIIKAGPAVAVVGQATQIAK,37,4110.0,H. cecropia cecropin A,Hyalophora cecropia,synthetic,C-terminal amide,Acinetobacter baumannii,ColRAB 1915,Gram-negative,MIC,1.0,4.11,broth microdilution,MHB,,2e5,37,16,paper_lee_2023,scientific_paper,2023,https://doi.org/10.3390/pharmaceutics15061752,10.3390/pharmaceutics15061752,pdf_text,high,Lee et al. 2023 (Pharmaceutics) Table 1; unit=uM; unit=um
rec_t_ni_cecropi_colrab_191_lee2023_014,RWKFFKKIEKVGQNIRDGIIKAGPAVAVVGQAASITGK,38,4240.0,T. ni cecropin A,Trichoplusia ni,synthetic,C-terminal amide,Acinetobacter baumannii,ColRAB 1915,Gram-negative,MIC,1.0,4.24,broth microdilution,MHB,,2e5,37,16,paper_lee_2023,scientific_paper,2023,https://doi.org/10.3390/pharmaceutics15061752,10.3390/pharmaceutics15061752,pdf_text,high,Lee et al. 2023 (Pharmaceutics) Table 1; unit=uM; unit=um
rec_h_cecropia_c_colrkp_139_lee2023_015,KWKLFKKIEKVGQNIRDGIIKAGPAVAVVGQATQIAK,37,4110.0,H. cecropia cecropin A,Hyalophora cecropia,synthetic,C-terminal amide,Klebsiella pneumoniae,ColRKP 139,Gram-negative,MIC,2.0,8.22,broth microdilution,MHB,,2e5,37,16,paper_lee_2023,scientific_paper,2023,https://doi.org/10.3390/pharmaceutics15061752,10.3390/pharmaceutics15061752,pdf_text,high,Lee et al. 2023 (Pharmaceutics) Table 1; unit=uM; unit=um
rec_t_ni_cecropi_colrkp_139_lee2023_016,RWKFFKKIEKVGQNIRDGIIKAGPAVAVVGQAASITGK,38,4240.0,T. ni cecropin A,Trichoplusia ni,synthetic,C-terminal amide,Klebsiella pneumoniae,ColRKP 139,Gram-negative,MIC,2.0,8.48,broth microdilution,MHB,,2e5,37,16,paper_lee_2023,scientific_paper,2023,https://doi.org/10.3390/pharmaceutics15061752,10.3390/pharmaceutics15061752,pdf_text,high,Lee et al. 2023 (Pharmaceutics) Table 1; unit=uM; unit=um
